<?xml version="1.0"?>
<!DOCTYPE hibernate-mapping PUBLIC "-//Hibernate/Hibernate Mapping DTD 3.0//EN"
"http://hibernate.sourceforge.net/hibernate-mapping-3.0.dtd">
<!-- Generated Jun 7, 2015 1:47:37 PM by Hibernate Tools 3.4.0.CR1 -->
<hibernate-mapping>
    <class name="entity.CustomerEntity" table="CUSTOMER">
        <id name="customerId" type="java.lang.Integer">
            <column name="ID" />
            <generator class="assigned" />
        </id>
        <property name="customerName" type="java.lang.String">
            <column name="NAME" />
        </property>
        <property name="email" type="java.lang.String">
            <column name="EMAIL" />
        </property>
    </class>
</hibernate-mapping>
