<?xml version="1.0" encoding="utf-8"?>
<!DOCTYPE hibernate-configuration SYSTEM
"http://www.hibernate.org/dtd/hibernate-configuration-3.0.dtd">
<hibernate-configuration>
	<session-factory>
		<property name="hibernate.dialect">
			org.hibernate.dialect.OracleDialect
		</property>
		<property name="hibernate.connection.driver_class">
			oracle.jdbc.driver.OracleDriver
		</property>
		<!-- Database URL and Credentials -->
		<property name="hibernate.connection.url">
			jdbc:oracle:thin:@localhost:2521:xe
		</property>
		<property name="hibernate.connection.username">system </property>
		<property name="hibernate.connection.password">
			oracle
		</property>
		<property name="hbm2ddl.auto">update</property>
		<!-- List of Mapping Classes -->
		<mapping class="entity.CustomerEntity" />
	</session-factory>
</hibernate-configuration>