<?xml version="1.0" encoding="UTF-8"?>
<!DOCTYPE hibernate-configuration PUBLIC "-//Hibernate/Hibernate Configuration DTD 3.0//EN"
                                         "http://hibernate.sourceforge.net/hibernate-configuration-3.0.dtd">
<hibernate-configuration>
	<session-factory name="">
		<property name="hibernate.connection.driver_class">oracle.jdbc.driver.OracleDriver</property>
		<property name="hibernate.connection.url">jdbc:oracle:thin:@localhost:2521:xe</property>
		<property name="hibernate.connection.username">system</property>
		<property name="hibernate.connection.password">oracle</property>
		<property name="hibernate.dialect">org.hibernate.dialect.Oracle10gDialect</property>
		<mapping class="entity.AntiqueEntity" />
		<mapping class="entity.CustomerEntity" />
	</session-factory>
</hibernate-configuration>


